id,Name
1,Grand Theft Auto V
2,Call of Duty: Black Ops 3
3,Red Dead Redemption 2
4,Call of Duty: WWII
5,FIFA 18
6,FIFA 17
7,Uncharted (PS4)
8,Spider-Man (PS4)
9,Call of Duty: Infinite Warfare
10,Fallout 4
11,FIFA 16
12,Star Wars Battlefront 2015
13,Call of Duty: Advanced Warfare
14,Battlefield 1
15,The Last of Us
16,MineCraft
17,FIFA 15
18,God of War (PS4)
19,Horizon: Zero Dawn
20,Destiny
21,Uncharted: The Nathan Drake Collection
22,The Witcher 3: Wild Hunt
23,Final Fantasy XV
24,Crash Bandicoot N. Sane Trilogy
25,Monster Hunter: World
26,Overwatch
27,Star Wars Battlefront II (2017)
28,Tom Clancy's The Division
29,Tom Clancy's Rainbow Six: Siege
30,Watch Dogs
31,Call of Duty: Ghosts
32,Assassin's Creed: Unity
33,Destiny 2
34,Batman: Arkham Knight
35,Assassin's Creed Origins
36,Far Cry 4
37,NBA 2K16
38,Far Cry 5
39,Battlefield 4
40,Gran Turismo Sport
41,Assassin's Creed Syndicate
42,NBA 2K17
43,Mortal Kombat X
44,FIFA Soccer 14
45,The Elder Scrolls V: Skyrim
46,Watch Dogs 2
47,NBA 2K18
48,Resident Evil VII: Biohazard
49,Madden NFL 16
50,Madden NFL 17
51,Middle-Earth: Shadow of Mordor
52,Assassin's Creed IV: Black Flag
53,Tom Clancy's Ghost Recon Wildlands
54,Bloodborne
55,Metal Gear Solid V: The Phantom Pain
56,Killzone: Shadow Fall
57,inFAMOUS: Second Son
58,Doom (2016)
59,Mafia III
60,Diablo III
61,Far Cry: Primal
62,Need for Speed (2015)
63,Madden NFL 18
64,NBA 2K15
65,Dying Light
66,Dark Souls III
67,Ratchet & Clank (2016)
68,DriveClub
69,Uncharted: The Lost Legacy
70,Dragon Age III: Inquisition
71,No Man's Sky
72,Madden NFL 15
73,Need for Speed: Payback
74,Destiny: The Taken King
75,Need for Speed Rivals
76,PlayStation VR Worlds
77,Battlefield: Hardline
78,Rise of the Tomb Raider
79,LittleBigPlanet 3
80,The Elder Scrolls Online
81,Middle-Earth: Shadow of War
82,Dragon Quest XI
83,Rocket League
84,Just Cause 3
85,Dishonored 2
86,Lego Marvel Super Heroes
87,Until Dawn
88,Knack
89,The Evil Within
90,The Crew
91,Kingdom Hearts 1.5 + 2.5 Remix
92,For Honor
93,Titanfall 2
94,Injustice 2
95,NieR Automata
96,Tekken 7
97,Persona 5
98,The Order: 1886
99,Wolfenstein: The New Order
100,Detroit: Become Human
101,Naruto Shippuden: Ultimate Ninja Storm 4
102,NBA 2K14
103,Tomb Raider (2013)
104,Dragon Ball: Xenoverse 2
105,Rayman Legends
106,Mass Effect: Andromeda
107,Dragon Ball Fighter Z
108,South Park: The Fractured But Whole
109,The Sims 4
110,Street Fighter V
111,Wolfenstein II: The New Colossus
112,WWE 2K18
113,Lego Star Wars: The Force Awakens
114,EA Sports UFC 2
115,The Last Guardian
116,WWE 2K16
117,Borderlands: The Handsome Collection
118,Project CARS
119,WWE 2K17
120,Guitar Hero Live
121,Metal Gear Solid: Ground Zeroes
122,Mad Max (2013)
123,Shadow of the Colossus
124,Kingdom Hearts HD 2.8 Final Chapter Prologue
125,Dragon Ball: XenoVerse
126,LEGO Dimensions
127,LEGO Jurassic World
128,WWE 2K15
129,MLB The Show 17
130,LEGO Worlds
131,The Elder Scrolls V: Skyrim PSVR
132,LEGO Marvel Super Heroes 2
133,EA Sports UFC
134,Final Fantasy XII: The Zodiac Age
135,Alien: Isolation
136,MLB The Show 18
137,The Evil Within II
138,Prey (2017)
139,Final Fantasy Type-0
140,Ni-Oh
141,MLB 15: The Show
142,Steep
143,LEGO Marvel's Avengers
144,Evolve
145,Injustice: Gods Among Us
146,EA Sports UFC 3
147,Madden NFL 25
148,MLB 16: The Show
149,Lego Batman 3: Beyond Gotham
150,Final Fantasy X/X-2 HD Remaster
151,Ni no Kuni II: Revenant Kingdom
152,God of War III
153,Fortnite
154,LEGO Harry Potter Collection
155,Minecraft: Story Mode
156,BioShock The Collection
157,Thief 4
158,Until Dawn: Rush of Blood
159,Disney Infinity 3.0
160,Farming Simulator 17
161,The Crew 2
162,Pro Evolution Soccer 2016
163,ARK: Survival Evolved
164,Dragon Quest Heroes: The World's Tree Woe and the Blight Below
165,Assassin's Creed The Ezio Collection
166,Final Fantasy XIV: A Realm Reborn
167,Destiny: The Collection
168,F1 2016 (Codemasters)
169,Hitman (2016)
170,Pro Evolution Soccer 2015
171,LEGO City Undercover
172,Pro Evolution Soccer 2018
173,Disney Infinity 2.0: Marvel Super Heroes
174,Pro Evolution Soccer 2017
175,Sniper Elite 3
176,MLB 14 The Show
177,WipEout Omega Collection
178,Deus Ex: Mankind Divided
179,The LEGO Movie Videogame
180,Marvel vs. Capcom: Infinite
181,Dark Souls II
182,Yakuza 6
183,F1 2015
184,METRO 2033
185,Rocksmith 2014
186,NHL 16
187,Plants vs Zombies: Garden Warfare
188,Tales of Berseria
189,Yakuza Zero: The Place of Oath
190,One Piece: Burning Blood
191,Batman: Return to Arkham
192,Plants vs. Zombies: Garden Warfare 2
193,LEGO The Hobbit
194,World of Final Fantasy
195,F1 2017
196,NHL 15
197,Knowledge is Power
198,L.A. Noire
199,Hidden Agenda
200,Call of Duty: Modern Warfare Remastered
201,Dragon Quest Builders: Revive Alefgard
202,The Lego Ninjago Movie Videogame
203,Resident Evil: Revelations 2
204,Rock Band 4
205,NHL 18
206,Everybody's Golf
207,The Amazing Spider-Man 2 (2014)
208,DOOM VFR
209,Sonic Forces
210,Kingdom Come: Deliverance
211,Lords of the Fallen
212,Sniper Elite 4
213,Rory McIlroy PGA Tour
214,Project CARS 2
215,Skylanders: Trap Team
216,NHL 17
217,One Piece: Pirate Warriors 3
218,DiRT Rally
219,Homefront: The Revolution
220,Attack on Titan (KOEI)
221,DiRT 4
222,Farpoint
223,Battleborn
224,A Way Out
225,Friday the 13th: The Game
226,The Walking Dead: A Telltale Games Series
227,Wolfenstein: The Old Blood
228,Deadpool
229,Dragon Quest Heroes II: Twin Kings and the Prophecy's End
230,TrackMania Turbo
231,Knack 2
232,Just Dance 2014
233,Dissidia Final Fantasy NT
234,Skylanders: SuperChargers
235,Yakuza Kiwami
236,Tales of Zestiria
237,Star Ocean 5: Integrity and Faithlessness
238,Sleeping Dogs
239,Skylanders SWAP Force
240,Skylanders Imaginators
241,Trials Fusion
242,Saints Row IV
243,Dishonored
244,Mirror's Edge 2
245,Farming Simulator 2015
246,Just Dance 2015
247,Sword Art Online: Hollow Realization
248,Just Dance 2016
249,Batman: Arkham VR
250,Little Nightmares
251,Tropico 5
252,Life is Strange
253,Resident Evil Zero
254,Yakuza Kiwami 2
255,Vampyr
256,Okami
257,Sniper: Ghost Warrior 3
258,Hokuto ga Gotoku
259,Sword Art Online: Lost Song
260,Disgaea 5: Alliance of Vengeance
261,Dead or Alive 5
262,Gravity Rush 2
263,Odin Sphere: Leifthrasir
264,Divinity: Original Sin
265,The King of Fighters XIV
266,Dishonored: Death of the Outsider
267,Valkyria Chronicles
268,Murdered: Soul Suspect
269,Payday 2
270,UEFA Euro 2016
271,DmC: Devil May Cry
272,Sonic Mania
273,J Stars Victory Vs.
274,XCOM 2
275,Dynasty Warriors 8: Xtreme Legends
276,Cities: Skylines
277,Saint Seiya: Soldiers' Soul
278,Just Dance 2018
279,The Walking Dead: Season Two
280,Sword Art Online: Fatal Bullet
281,Naruto to Boruto: Shinobi Striker
282,Yooka-Laylee
283,Cars 3: Driven to Win
284,Metal Gear Solid V: The Definitive Experience
285,Sherlock Holmes: Crimes & Punishments
286,Star Trek Bridge Crew VR
287,The Heavy Rain and Beyond: Two Souls Collection
288,Spintires: MudRunner
289,Onechanbara Z2: Chaos
290,Secret of Mana
291,Gundam Versus
292,NBA Live 14
293,Bravo Team VR
294,Killing Floor 2�
295,Robinson: The Journey
296,DriveClub VR
297,Fate/Extella: The Umbral Star
298,Ultimate Marvel vs. Capcom 3
299,New Danganronpa V3: Minna no Koroshiai Shin Gakki
300,Samurai Warriors 4
301,Darksiders III
302,NBA Live 15
303,NBA Live 18
304,Tearaway Unfolded
305,.hack//G.U. Last Recode
306,Ride
307,Just Dance 2017
308,The Escapists 2
309,Transformers: Devastation
310,Darksiders II
311,Jikkyou Powerful Pro Baseball 2016
312,The Elder Scrolls Online: Morrowind
313,Digimon World: Next Order
314,theHunter: Call of the Wild
315,Tony Hawk's Pro Skater 5
316,Angry Birds: Star Wars
317,Elex
318,RIGS: Mechanized Combat League
319,Transformer: Rise of the Dark Spark
320,Dead Island Definitive Collection
321,Metal Gear Survive
322,Singstar Celebration
323,Dead by Daylight
324,Attack on Titan 2
325,The Wolf Among Us
326,Micro Machines: World Series
327,Bladestorm: Nightmare
328,Zombie Army Trilogy
329,Outlast Trinity
330,EVE: Valkyrie
331,Senran Kagura: Peach Beach Splash
332,Ys VIII: Lacrimosa of Dana
333,Bound By Flame
334,NBA Live 16
335,7 Days to Die
336,Dynasty Warriors 8: Empires
337,Dragon's Dogma
338,Godzilla (2015)
339,Eagle Flight
340,Agents of Mayhem
341,MotoGP 14�
342,Elite: Dangerous
343,Singstar: Ultimate Party
344,Toukiden Kiwami
345,Batman: A Telltale Game Series
346,The Surge
347,MotoGP 15
348,Resident Evil: Revelations
349,Senran Kagura: Estival Versus
350,Back to the Future: The Game
351,The Walking Dead - The Telltale Series: A New Frontier
352,Resident Evil 6
353,Final Fantasy XIV: Heavensward
354,Final Fantasy XIV: Stormblood
355,Guilty Gear Xrd: Sign
356,Prototype: Biohazard Bundle
357,BlazBlue Central Fiction
358,MXGP 3: The Official Motocross Videogame
359,Ride 2
360,Dead Rising 4
361,Putty Squad
362,Digimon Story: Cyber Sleuth - Hacker's Memory
363,Battlezone
364,Naruto Shippuden: Ultimate Ninja Storm Legacy
365,Berserk and the Band of the Hawk
366,BlazBlue: Chrono Phantasma Extend
367,Pillars of Eternity
368,Valkyria: Azure Revolution
369,Gravity Rush Remastered
370,Psycho-Pass: Mandatory Happiness
371,Brothers: A Tale of Two Sons
372,Warriors Orochi 3
373,Wasteland 2
374,Atelier Sophie: The Alchemist of the Mysterious Book
375,NASCAR Heat Evolution
376,Yakuza: Ishin
377,Toukiden 2
378,Song of the Deep
379,Super Robot Wars V
380,Blue Reflection: Maboroshi ni Mau - Shoujo no Ken
381,Yonmegami Online: Cyber Dimension Neptune
382,Grand Kingdom
383,Arslan: The Warriors of Legend
384,Pro Cycling Manager 2016
385,Shovel Knight
386,Adventure Time: Finn & Jake Investigations
387,Guilty Gear Xrd -Revelator-
388,We Happy Few
389,Rocksmith 2014 Edition Remastered
390,The Crew: Wild Run
391,MXGP 2
392,MotoGP 17
393,Fairy Fencer F: Advent Dark Force
394,Samurai Warriors 4-II
395,The Golf Club
396,Hatsune Miku: Project Diva X
397,NASCAR Heat 2
398,Bulletstorm: Full Clip Edition
399,Valentino Rossi: The Game
400,Golf Club 2
401,Akiba's Trip 2
402,Rugby 15
403,Utawarerumono: Futari no Hakuoro
404,The Legend of Heroes: Trails of Cold Steel III
405,Utawarerumono: Itsuwari no Kamen
406,The Inpatient
407,Don Bradman Cricket 14
408,Sword Art Online: Hollow Fragment
409,Teenage Mutant Ninja Turtles: Mutants in Manhattan
410,Job Simulator
411,Portal Knights
412,Samurai Warriors 4: Empires
413,Danganronpa 1o2 Reload
414,God Eater 2: Rage Burst
415,America's Greatest Game Shows: Wheel of Fortune & Jeopardy!
416,Marvel's Guardians of the Galaxy: The Telltale Series
417,Digimon Story: Cyber Sleuth
418,Constructor HD
419,Minecraft: Story Mode - Season Two
420,Darksiders: Warmastered Edition
421,Mighty No. 9
422,The Invisible Hours
423,Monster Energy Supercross - The Official Videogame
424,The Idolmaster: Platinum Stars
425,The Witch and the Hundred Knight
426,SD Gundam G Generation Genesis
427,Rime
428,Super Robot Wars OG: The Moon Dwellers
429,Gundam Breaker 3
430,Earth Defense Force 2025.1: The Shadow of New Despair
431,Shadow Warrior (2013)
432,Assassin's Creed Chronicles
433,Mega Man Legacy Collection
434,Pac-Man Championship Edition 2 + Arcade Game Series
435,Tokyo Xanadu eX+
436,Stardew Valley
437,Romance of the Three Kingdoms 13
438,Musou Stars
439,Mega Man Legacy Collection 2
440,Final Fantasy XIV Online Complete Edition
441,Devil May Cry 4
442,Puyo Puyo Tetris
443,Natural Doctrine
444,Sudden Strike 4
445,Accel World vs. Sword Art Online: Millennium Twilight
446,Wolfenstein The Two Pack
447,Guilty Gear Xrd REV 2
448,Ultra Street Fighter IV
449,Let's Sing 2016
450,Resident Evil 4 HD
451,Nights of Azure 2
452,The Technomancer
453,Nights of Azure
454,Taiko no Tatsujin: Drum Session!
455,Nobunaga's Ambition: Sphere of Influence - Sengoku Risshiden
456,Grand Ages: Medieval
457,Rugby League Live 4
458,Toy Soldiers: War Chest
459,God Eater Resurrection
460,Paragon
461,Summon Night 6: Lost Borders
462,Black Rose Valkyrie
463,Duke Nukem 3D: 20th Anniversary World Tour
464,ATV Drift & Tricks
465,Yoru no Nai Kuni
466,Lara Croft and the Temple of Osiris
467,Dragon's Dogma Online
468,Ghostbusters (2016)
469,Agatha Christie's The ABC Murders
470,Shantae: Half-Genie Hero
471,Earth Defense Force 4.1: The Shadow of New Despair
472,The Sexy Brutale
473,Legend of Kay
474,Hasbro Family Fun Pack Conquest Edition
475,Loading Human
476,Rapala Fishing Pro Series
477,Atelier Firis: The Alchemist of the Mysterious Journey
478,Dead Rising
479,Assetto Corsa
480,Akiba's Beat
481,WRC 6
482,God Wars: Future Past
483,Resident Evil 5 HD
484,The Witch and the Hundred Knights 2
485,Samurai Warriors: Sanada Maru
486,Project Setsuna
487,Has-Been Heroes
488,Fortune Street: Dragon Quest & Final Fantasy 30th Anniversary
489,Styx: Shards of Darknes
490,Dead Rising 2
491,The Book of Unwritten Tales 2
492,Touhou Genso Rondo: Bullet Ballet
493,The Walking Dead: A Telltale Series Collection
494,The Silver Case
495,Hunting Simulator
496,WRC 7
497,Kamen Rider: Battride War Genesis
498,Le Tour de France 2017
499,City Shrouded in Shadow
500,SG/ZH: School Girl/Zombie Hunter
501,Broken Sword 5: The Serpent's Curse
502,Terraria
503,Warhammer: The End Times - Vermintide
504,Batman: The Enemy Within
505,Atari Flashback Classics: Volume 1
506,Legend of Kay Anniversary
507,Steins
508,ZombiU
509,Risen 3: Titan Lords
510,Mark McMorris Infinite Air
511,Dead or Alive Xtreme 3: Fortune
512,Birthdays the Beginning
513,Rugby 18
514,The Binding of Isaac
515,Sherlock Holmes: The Devil's Daughter
516,Atelier Liddy and Soeur: Alchemists of the Mysterious Painting
517,MX vs. ATV Supercross Encore
518,MX vs ATV Supercross Encore 2017 Track Edition
519,Sword Art Online: Game Director's Edition
520,Deformers
521,Nobunaga no Yabou: Souzou
522,Dragon Quest X: All in One Package
523,Yomawari: Midnight Shadows
524,Game of Thrones (Telltale)
525,Atari Flashback Classics: Volume 2
526,Outcast: Second Contact
527,Cartoon Network Battle Crashers
528,Handball 16
529,Extinction
530,Rugby World Cup 2015
531,Exist Archive: The Other Side of the Sky
532,King's Quest: The Complete Collection
533,Sine Mora
534,Aven Colony
535,Battle Chasers: Nightwar
536,WRC 5: FIA World Rally Championship
537,Black Mirror
538,Touhou Genso Wanderer
539,Arcania: Gothic 4
540,Starblood Arena VR
541,Hellblade
542,Bubsy: The Woolies Strike Back
543,Nitroplus Blasterz: Heroines Infinite Duel
544,Nobunaga's Ambition: Creation
545,Child of Light
546,Phantasy Star Online 2 Episode 4: Deluxe Package
547,Saints Row: Gat out of Hell
548,Werewolves Within
549,Demon Gaze 2
550,Real Farm
551,Worms: WMD
552,Syberia III
553,Sengoku Basara: Sanada Yukimura-Den
554,Sengoku Basara 4: Sumeragi
555,S�bastien Loeb Rally Evo
556,Don't Starve
557,Monster Jam: Crush It
558,Prison Architect
559,Assault Suit Leynos
560,Tokyo Twilight Ghost Hunters Daybreak: Special Gigs
561,Overcooked
562,Ben 10 (2017)
563,Dead Alliance
564,Deer Hunter Reloaded
565,That's You
566,Raid: World War II
567,Hyperdimension Neptunia Victory II
568,Zero Escape The Nonary Games
569,Rugby Challenge 3
570,Vikings: Wolves of Midgard
571,INSIDE / LIMBO Double Pack
572,The Talos Principle
573,Megadimension Neptunia VIIR
574,R.B.I. Baseball 2016
575,Pure Farming 2018
576,Air Conflicts: Secret Wars
577,Anima - Gate of Memories
578,Axiom Verge
579,Unbox: Newbie's Adventure
580,Here They Lie
581,Under Night In-Birth Exe:Latest
582,Aragami
583,Yonder: The Cloud Catcher Chronicles
584,Assassin's Creed Chronicles: China
585,JoJo's Bizarre Adventure: Eyes of Heaven
586,Dungeons 3
587,Tour de France 2014
588,Danganronpa Another Episode: Ultra Despair Girls
589,Aegis of Earth: Protonovus Assault
590,Just Sing
591,Wonder Boy: The Dragon's Trap (Remake)
592,Lumo
593,ABZU
594,Shadow Tactics: Blades of the Shogun
595,Darkest Dungeon
596,R.B.I. Baseball 2017
597,Punch Line
598,VR Karts
599,Resident Evil: Umbrella Corps
600,Marvel Pinball: Epic Collection Volume 1
601,God Eater Off Shot: Lindow-hen Twin Pack & Animation Vol. 2
602,Infamous: First Light
603,Raiden V
604,The Peanuts Movie: Snoopy's Grand Adventure
605,The Dwarves
606,Dynasty Warriors: Eiketsuden
607,Winning Post 8 2016
608,Dragon's Dogma Online: Season 2
609,Coven and Labyrinth of Refrain
610,Super Dungeon Bros
611,Blade Arcus from Shining EX
612,Troll and I
613,The Pillars of the Earth
614,The Lost Child
615,Romance of the Three Kingdoms 13 with Power-Up Kit
616,Koihime Enbu
617,Road Rage
618,Winning Post 8 2017
619,Dino Dini's Kick Off Revival
620,God Eater Off Shot:Shiou-hen Twin Pack & Animation Vol.5
621,Tumblestone
622,Blackguards 2
623,Baja: Edge of Control HD
624,Crows: Burning Edge
625,Geometry Wars 3: Dimensions Evolved
626,We Sing (2016)
627,Shin Hayarigami 2
628,The Town of Light
629,OlliOlli: Epic Combo Edition
630,Naruto Shippuden Ultimate Ninja Storm 4: Road to Boruto
631,This War of Mine
632,Ao no Kanata no Four Rhythm
633,Zero Escape: Zero Time Dilemma
634,AereA
635,Root Letter
636,ClaDun Sengoku
637,The Girl and the Robot
638,Omega Quintet
639,Touhou Kobuto V: Burst Battle
640,God Eater Off Shot: Soma Shikkuzaru-hen Twin Pack & Animation Vol.4
641,Rugby League Live 3
642,Omega Labyrinth Z
643,Lost Sphear
644,Superbeat: Xonic
645,Republique
646,Super Stardust Ultra VR
647,Redout
648,Resident Evil: Value Pack
649,God Eater Off Shot: Tachibana Sakuya-hen Twin Pack & Animation Vol.7
650,PaRappa the Rapper Remastered
651,Earth's Dawn
652,Big Buck Hunter Arcade
653,Dungeons 2
654,Tricky Towers
655,No Heroes Allowed! VR
656,ArmaGallant: Decks of Destiny
657,Carmageddon: Max Damage
658,Armello
659,Shaq-Fu: A Legend Reborn
660,Patapon Remastered
661,Monster Hunter Frontier Z: Beginner's Package
662,Professional Farmer 2016
663,Natsuiro High School: Seishun Hakusho
664,The Inner World: The Last Wind Monk
665,SteamWorld Collection
666,Konoyo no Hate de Koi o Utau Shoujo: Yu-No
667,God Eater Off Shot: Fujiki Kota-hen Twin Pack & Animation Vol.6
668,Genkai Tokki: Castle Panzers
669,Skullgirls: 2nd Encore
670,This Is The Police
671,Rabbids Invasion: The Interactive TV Show
672,FlatOut 4: Total Insanity
673,Chaos
674,Touhou Shinhiroku: Urban Legend in Limbo
675,Rogue Trooper: Redux
676,Space Hulk: Deathwing
677,Pharaonic
678,White Day
679,Torment: Tides of Numenera
680,Let It Die
681,Summer Lesson: Miyamoto Hikari Collection
682,Raven's Cry
683,New Game! The Challenge Stage!
684,Hakoniwa Company Works
685,DJ Max Respect
686,Battle Worlds: Kronos
687,Dragon's Dogma Online: Season 3
688,Occultic
689,Kono Subarashii Sekai ni Shukufuku o! Kono Yokubukai Game ni Shinpan o!
690,Battle Garegga Rev.2016
691,Yahari Game Demo Ore no Seishun Love-Kome wa Machigatteiru. & Zoku: Oatome Set
692,Farming 2017 - The Simulation
693,Re:Zero - Kara Hajimeru Isekai Seikatsu - Death or Kiss
694,Zombie Vikings
695,ATV Renegades
696,Ziggurat
697,Chaos
697,Moto Racer 4
698,LocoRoco Remastered
699,Lock's Quest
700,Gal Gun: Double Peace
701,Woodcutter Simulator 2016
702,Akiba's Trip 2+A
703,Date-A-Live Twin Edition: Rio Reincarnation
704,Valhalla Hills
705,Deception IV: Blood Ties
706,One Piece: Unlimited World Red
707,Hyper Light Drifter
708,Teslagrad
709,Darius Burst: Chronicle Saviours
710,The Escapists: The Walking Dead
711,Super Meat Boy
712,Blood Bowl 2
713,The Witness
714,Quantic Dream Collection
715,Iwaihime: Matsuri
716,RepKiss
717,War Thunder
718,Tsuihou Senkyo
719,Hustle Kings VR
720,Toki Tori 2+
721,Deception IV: The Nightmare Princess
722,Kingdom Hearts HD I.5 + II.5 ReMIX
723,Fushigi no Chronicle: Furikaerimasen Katsu Madewa
724,A Boy and His Blob
725,Agatha Christie: The ABC Murders
726,Ancients of Ooga - The Forgotten Chapters
727,Another World
728,Ape Escape 2
729,Bee Tap Extreme
730,Blacklight: Retribution
731,Bladestorm: The Hundred Years' War
732,Brothers in Arms: Furious 4
733,Cel Damage
734,Woolfe: The Red Hood Diaries
735,Dark Cloud 2
736,DC Universe Online
737,Fez
738,Guardian Knight
739,Heavy Rain
740,Industry Giant II
741,King's Quest I: Quest for the Crown (VGA Version)
742,Kingdom Under Fire II
743,Ladybug Puzzle
744,Maniac Mansion: Day of the Tentacle
745,Metal Slug 3
746,Mount & Blade: Warband
747,Pier Solar and the Great Architects
748,Piggy Adventure
749,PlanetSide 2
750,Psychonauts
751,Resident Evil 5
752,Sound Shapes
753,Star Ocean: Till The End of Time
754,Super Motherload
755,The Amazing Spider-Man 2
756,The King of Fighters 2000
757,Rack N Ruin
758,Ether One
759,Uncharted 2: Among Thieves
760,Uncharted 3: Drake's Deception
761,Uncharted Waters Online: Gran Atlas
762,Uncharted: Drake's Fortune
763,Werewolves vs Vampires
764,Awesomenauts
765,Dust: An Elysian Tail
766,Skullgirls
767,flower
768,Gran Turismo HD Concept
769,PixelJunk Shooter
770,PixelJunk Shooter 2
771,Rainbow Moon
772,Dear Esther
773,Oddworld: Abe's Oddysee New N' Tasty!
774,Broken Age
775,Apotheon
776,Two Brothers
777,Slender: The Arrival
778,deep down (Working Title)
779,Hotline Miami
780,The Unfinished Swan
781,Human Element
782,Whore of the Orient
783,Cyberpunk 2077
784,Final Fantasy (PS4)
785,Transistor
786,The Swapper
787,Outlast
788,Contrast
789,Guacamelee!
790,Carmageddon: Reincarnation
791,Rocketbirds 2: Evolution
792,Primal Carnage: Genesis
793,Doki-Doki Universe
794,Hohokum
795,CounterSpy
796,War Thunder
796,Warframe
797,The Banner Saga
798,BADLAND
799,Sparkle 2
800,Daylight
801,Peggle 2
802,Kingdom Hearts III
803,Mercenary Kings
804,Secret Ponchos
805,Octodad: Dadliest Catch
806,Galak-Z
807,Ray's the Dead
808,Yaiba: Ninja Gaiden Z
809,KickBeat
810,Tiny Brains
811,Stick It to the Man
812,Aban Hawkins & the 1001 Spikes
813,Home - a Unique Horror Adventure
814,Soul Saga
815,Pinball Arcade
816,Toukiden: The Age of Demons
817,Reus
818,Strider (2014)
819,Rogue Legacy
820,EverQuest Next
821,Project Phoenix
822,Defense Grid 2
823,Drifter: A Space Trading Game
824,Volume
825,Hellraid
826,SteamWorld Dig: A Fistful of Dirt
827,Armikrog
828,Chasm
829,XING: The Land Beyond
830,There Came an Echo
831,Strike Suit Zero
832,Basement Crawl
833,Velocity 2X
834,Helldivers
835,RESOGUN
836,Everybody's Gone to the Rapture
837,Murasaki Baby
838,Hotline Miami 2: Wrong Number
839,Shadow of the Beast (PS4)
840,WonderFlick
841,Monochroma
842,H-Hour: World's Elite
843,SPORTSFRIENDS
844,Unmechanical
845,Divekick
846,Lily Bergamo
847,Valiant Hearts: The Great War
848,OlliOlli
849,Switch Galaxy Ultra
850,Anomaly 2
851,Legend of Raven
852,Stealth Inc.
853,Night in the Woods
854,Tales from the Borderlands
855,Kodoku
856,Get Even
857,Ready to Run
858,Worms Battlegrounds
859,Assassin's Creed Freedom Cry
860,Dungeon Defenders II
861,Razor Global Domination Pro Tour�
862,Pavilion
863,forma.8
864,TowerFall
865,Gone Home�
866,Costume Quest 2
867,Pure Chess
868,Aztez
869,Not a Hero
870,SOMA (2015)
871,Cult County
872,Adr1ft
873,R.B.I. Baseball 14
874,Citizens of Earth
875,H1Z1
876,Blue Estate�
877,Road Not Taken
878,Source
879,Backgammon Blitz
880,Hitman GO
881,MechRunner
882,The Chainsaw Incident
883,Chariot
884,Nidhogg
885,Ironclad Tactics
886,MouseCraft
887,Starwhal: Just the Tip
888,Crimsonland
889,VizionEck
890,Pure Pool�
891,Without Memory
892,Firewatch
893,Never Alone
894,The Last Tinker: City of Colors
895,Bombshell
896,Red Goddess
897,The Forest
898,Fenix Rage
899,EarthNight
900,One Way Trip
901,Shiness: The Lightning Kingdom
902,Aaru's Awakening
903,Falling Skies: The Game�
904,Onigiri
905,Loadout
906,Entwined
907,EA Sports PGA Tour
908,Dead Island 2
909,Magicka 2
910,Broforce
911,Inside
912,Blast 'Em Bunnies
913,Woah Dave!
914,The Assembly
915,Tetris Ultimate�
916,Afro Samurai 2
917,The Legend of Korra (2014)
918,The Vanishing of Ethan Carter�
919,Godzilla (2014)
920,Gran Turismo 7
921,Rollers of the Realm
922,Q*bert: Rebooted
923,AirMech Arena
924,The Walking Dead: Season Three
925,Toren
926,Pneuma: Breath of Life
927,#killallzombies
928,The Escapists
929,The Tomorrow Children
930,Hollowpoint
931,In Space We Brawl
932,Wild
933,Alienation
934,Ubusuna
935,PIX the CAT
936,Game 4
937,Titan Souls
938,OniKira: Demon Killer
939,Moon Hunters
940,Salt and Sanctuary
941,Alone With You
942,Tadeo Jones y el manuscrito perdido
943,Invokers Tournament
944,OlliOlli 2: Welcome to Olliwood
945,Pathologic
946,Soma
947,Rebel Galaxy
948,I Am Bread
949,Geometry Wars 3: Dimensions
950,Primal Carnage: Extinction
951,Assassin's Creed: Victory
952,Silent Hills
953,The Banner Saga 2
954,Enter the Gungeon
955,What Remains of Edith Finch
956,Wattam
957,Fat Princess Adventures
958,Skytorn
959,Kill Strain
960,Drawn to Death
961,Grow Home
962,Apotheon
962,Hunger
963,Magic Duels: Origin
964,Shiftlings
965,Oceanhorn: Monster of Uncharted Seas
966,Beyond Eyes
967,Inside My Radio
968,Tembo the Badass Elephant
969,Assassin's Creed Chronicles: Russia
970,Assassin's Creed Chronicles: India
971,Overlord: Fellowship of Evil
972,R.B.I. Baseball 15
973,Krinkle Krusher
974,Wander
975,Trans-Galactic Tournament
976,The Walking Dead: Michonne
977,Unravel
978,Tachyon Project
979,Final Fantasy VII Remake
980,Ikenie to Yuki no Setsuna
981,Atelier Sophie
982,Dengeki Bunko: Fighting Climax Ignition
983,World Soccer Winning Eleven 2015
984,Muse: Together Is the New Alone
985,Cross Reverie
986,Airship Q
987,Killing Bites
988,Hatsune Miku: Project Diva Future Tone
989,Tiny Troopers Joint Ops
990,The London Heist
991,Risen 3 Enhanced Edition
992,Air Conflicts: Pacific Carriers
993,God Wars: Beyond Time
994,Hasbro Family Fun Pack
995,Professional Lumberjack 2016
996,Alekhine's Gun
997,Kung Fu Panda: Showdown of Legendary Legends
998,Read Only Memories
999,Shakedown Hawaii
1000,Fallen Legion
1001,Amplitude (2016)
1002,Bloodborne: Complete Edition
1003,Hardware: Rivals
1004,Jikkyou Powerful Pro Baseball Success Special
1005,Qurare: Magic Library
1006,World to the West
1007,The Binding of Isaac: Rebirth
1008,De-formers
1009,Rock of Ages II: Bigger and Boulder
1010,Fe
1011,Days Gone
1012,Berserk Musou
1013,Ginger: Beyond the Crystal
1014,The Last of Us: Part II
1015,Don Bradman Cricket 17
1016,Ace Combat 7: Skies Unknown
1017,Sakuna: Of Rice and Ruin
1018,Metro Exodus
1019,Anthem
1020,Moons Of Madness
1021,Iron Harvest
1022,Biomutant
1023,Biomutant
1023,de Blob
1024,Chaos on Deponia
1025,Code Vein
1026,Fallen Legion: Flames of Rebellion
1027,Radial G Racing Revolved
1028,The Mummy Demastered
1029,Project Nimbus: Code Mirai
1030,Battle Chef Brigade
1031,Grand Theft Auto V
1032,Call of Duty: Black Ops 3
1033,Call of Duty: WWII
1034,Red Dead Redemption 2
1035,MineCraft
1036,Call of Duty: Advanced Warfare
1037,Battlefield 1
1038,Fallout 4
1039,Halo 5: Guardians
1040,Call of Duty: Infinite Warfare
1041,Star Wars Battlefront (2015)
1042,Forza Horizon 3
1043,FIFA 17
1044,Gears of War: Ultimate Edition
1045,Assassin's Creed: Unity
1046,Halo: The Master Chief Collection
1047,Destiny
1048,Gears of War 4
1049,FIFA 16
1050,FIFA 18
1051,Titanfall
1052,Call of Duty: Ghosts
1053,Overwatch
1054,Tom Clancy's Rainbow Six: Siege
1055,Tom Clancy's The Division
1056,Assassin's Creed Origins
1057,Madden NFL 16
1058,Madden NFL 17
1059,NBA 2K16
1060,Forza Motorsport 5
1061,Destiny 2
1062,Assassin's Creed IV: Black Flag
1063,FIFA 15
1064,PlayerUnknown's Battlegrounds
1065,Battlefield 4
1066,NBA 2K17
1067,Forza Motorsport 6
1068,NBA 2K18
1069,Star Wars Battlefront II (2017)
1070,Madden NFL 18
1071,The Elder Scrolls V: Skyrim
1072,Far Cry 5
1073,Mortal Kombat X
1074,NBA 2K15
1075,The Witcher 3: Wild Hunt
1076,Far Cry 4
1077,Watch Dogs
1078,Dead Rising 3
1079,Tom Clancy's Ghost Recon Wildlands
1080,Madden NFL 15
1081,Rise of the Tomb Raider
1082,Batman: Arkham Knight
1083,Forza Motorsport 7
1084,Dying Light
1085,Ryse
1086,Forza Horizon 2
1087,Doom (2016)
1088,Assassin's Creed Syndicate
1089,Middle-Earth: Shadow of Mordor
1090,Rocket League
1091,The Elder Scrolls Online
1092,Titanfall 2
1093,Watch Dogs 2
1094,FIFA Soccer 14
1095,Destiny: The Taken King
1096,Battlefield: Hardline
1097,Sunset Overdrive
1098,Middle-Earth: Shadow of War
1099,Lego Marvel Super Heroes
1100,Final Fantasy XV
1101,Mafia III
1102,Diablo III
1103,Just Cause 3
1104,Far Cry: Primal
1105,Dragon Age III: Inquisition
1106,Sea of Thieves
1107,NBA 2K14
1108,Monster Hunter: World
1109,Injustice 2
1110,Resident Evil VII: Biohazard
1111,For Honor
1112,Dishonored 2
1113,Plants vs. Zombies: Garden Warfare 2
1114,Madden NFL 25
1115,Metal Gear Solid V: The Phantom Pain
1116,Guitar Hero Live
1117,Dark Souls III
1118,LEGO Jurassic World
1119,Rare Replay
1120,Mass Effect: Andromeda
1121,Minecraft: Story Mode
1122,Fortnite
1123,Quantum Break
1124,Wolfenstein: The New Order
1125,Rock Band 4
1126,Need for Speed (2015)
1127,The Sims 4
1128,Need for Speed: Payback
1129,Dead Rising 4
1130,LEGO Dimensions
1131,The Crew
1132,Plants vs Zombies: Garden Warfare
1133,Need for Speed Rivals
1134,Wolfenstein II: The New Colossus
1135,The Evil Within
1136,LEGO Worlds
1137,Borderlands: The Handsome Collection
1138,Evolve
1139,WWE 2K18
1140,Tomb Raider (2013)
1141,The LEGO Movie Videogame
1142,WWE 2K16
1143,Kinect Sports Rivals
1144,South Park: The Fractured But Whole
1145,WWE 2K15
1146,EA Sports UFC 2
1147,NHL 17
1148,Tekken 7
1149,LEGO Marvel Super Heroes 2
1150,WWE 2K17
1151,Disney Infinity 2.0: Marvel Super Heroes
1152,Just Dance 2015
1153,Dragon Ball Fighter Z
1154,Alien: Isolation
1155,Halo Wars 2
1156,NHL 16
1157,Lego Star Wars: The Force Awakens
1158,Mad Max (2013)
1159,LEGO Marvel's Avengers
1160,Zoo Tycoon (2013)
1161,Steep
1162,Thief 4
1163,Just Dance 2014
1164,EA Sports UFC
1165,BioShock The Collection
1166,Dragon Ball: Xenoverse 2
1167,ARK: Survival Evolved
1168,Disney Infinity 3.0
1169,Prey (2017)
1170,Skylanders: Trap Team
1171,Lego Batman 3: Beyond Gotham
1172,EA Sports UFC 3
1173,Rocksmith 2014
1174,Sniper Elite 3
1175,Hello Neighbor
1176,NHL 15
1177,Project CARS
1178,Destiny: The Collection
1179,Skylanders: SuperChargers
1180,Deus Ex: Mankind Divided
1181,NHL 18
1182,The Evil Within II
1183,Rayman Legends
1184,Just Dance 2016
1185,Skylanders SWAP Force
1186,Naruto Shippuden: Ultimate Ninja Storm 4
1187,Dragon Ball: XenoVerse
1188,Marvel vs. Capcom: Infinite
1189,Just Dance 2017
1190,The Lego Ninjago Movie Videogame
1191,The Crew 2
1192,Farming Simulator 17
1193,METRO 2033
1194,Hitman (2016)
1195,LEGO City Undercover
1196,Final Fantasy Type-0
1197,Sniper Elite 4
1198,Sonic Forces
1199,Dark Souls II
1200,Battleborn
1201,Rory McIlroy PGA Tour
1202,Assassin's Creed The Ezio Collection
1203,LEGO The Hobbit
1204,Metal Gear Solid: Ground Zeroes
1205,Minecraft: Story Mode - Season Two
1206,Skylanders Imaginators
1207,Friday the 13th: The Game
1208,ReCore
1209,F1 2015
1210,L.A. Noire
1211,Trials Fusion
1212,Call of Duty: Modern Warfare Remastered
1213,Zumba Fitness: World Party
1214,Saints Row IV
1215,Farming Simulator 2015
1216,A Way Out
1217,NBA Live 14
1218,Payday 2
1219,DiRT 4
1220,NBA Live 15
1221,F1 2016 (Codemasters)
1222,Deadpool
1223,The Amazing Spider-Man 2 (2014)
1224,Kingdom Come: Deliverance
1225,Lords of the Fallen
1226,Super Lucky's Tale
1227,DiRT Rally
1228,Just Dance 2018
1229,Homefront: The Revolution
1230,State of Decay
1231,NBA Live 18
1232,theHunter: Call of the Wild
1233,Sleeping Dogs
1234,Project CARS 2
1235,Batman: Return to Arkham
1236,Dishonored
1237,One Piece: Burning Blood
1238,Fantasia: Music Evolved
1239,Mirror's Edge 2
1240,Dance Central: Spotlight
1241,Naruto to Boruto: Shinobi Striker
1242,XCOM 2
1243,F1 2017
1244,Shape Up
1245,Cities: Skylines
1246,Sniper: Ghost Warrior 3
1247,Project Spark (Working Title)
1248,Rush: A Disney Pixar Adventure
1249,Fighter Within
1250,Murdered: Soul Suspect
1251,Pac-Man Championship Edition 2 + Arcade Game Series
1252,Angry Birds: Star Wars
1253,Little Nightmares
1254,The Walking Dead: Season One
1255,Wolfenstein: The Old Blood
1256,Pro Evolution Soccer 2015
1257,Transformer: Rise of the Dark Spark
1258,The Escapists 2
1259,Transformers: Devastation
1260,Spintires: MudRunner
1261,DmC: Devil May Cry
1262,Attack on Titan (KOEI)
1263,Tony Hawk's Pro Skater 5
1264,Naruto Shippuden: Ultimate Ninja Storm Legacy
1265,The Walking Dead: Season Two
1266,Resident Evil: Revelations 2
1267,Dishonored: Death of the Outsider
1268,Ultimate Marvel vs. Capcom 3
1269,The Elder Scrolls Online: Morrowind
1270,Hasbro Family Fun Pack
1271,Rocksmith 2014 Edition Remastered
1272,Song of the Deep
1273,NBA Live 16
1274,Outlast Trinity
1275,Sonic Mania
1276,Dead by Daylight
1277,Darksiders III
1278,Vampyr
1279,The Walking Dead - The Telltale Series: A New Frontier
1280,NASCAR Heat 2
1281,Life is Strange
1282,Wolfenstein The Two Pack
1283,The Surge
1284,Naruto Shippuden Ultimate Ninja Storm 4: Road to Boruto
1285,Pro Evolution Soccer 2016
1286,Pro Evolution Soccer 2018
1287,7 Days to Die
1288,Zombie Army Trilogy
1289,Prototype: Biohazard Bundle
1290,Ride
1291,Agents of Mayhem
1292,Metal Gear Solid V: The Definitive Experience
1293,Killer Instinct (2013)
1294,MXGP 2
1295,NASCAR Heat Evolution
1296,TrackMania Turbo
1297,Divinity: Original Sin
1298,Dead or Alive 5
1299,Pro Evolution Soccer 2017
1300,Resident Evil Zero
1301,Sword Art Online: Fatal Bullet
1302,Yooka-Laylee
1303,Real Farm
1304,We Happy Few
1305,Duke Nukem 3D: 20th Anniversary World Tour
1306,The Wolf Among Us
1307,Attack on Titan 2
1308,Rugby 15
1309,MXGP 3: The Official Motocross Videogame
1310,Bladestorm: Nightmare
1311,Monster Energy Supercross - The Official Videogame
1312,America's Greatest Game Shows: Wheel of Fortune & Jeopardy!
1313,Dead Island Definitive Collection
1314,Ride 2
1315,Elite: Dangerous
1316,Just Dance: Disney Party 2
1317,Bulletstorm: Full Clip Edition
1318,Micro Machines: World Series
1319,Darksiders II
1320,Sherlock Holmes: Crimes & Punishments
1321,Toy Soldiers: War Chest
1322,BlazBlue: Chrono Phantasma Extend
1323,Metal Gear Survive
1324,The Golf Club
1325,Batman: A Telltale Game Series
1326,Constructor HD
1327,Teenage Mutant Ninja Turtles: Mutants in Manhattan
1328,Valentino Rossi: The Game
1329,Disneyland Adventures
1330,Dynasty Warriors 8: Empires
1331,Resident Evil 6
1332,Ghostbusters (2016)
1333,R.B.I. Baseball 2017
1334,Aven Colony
1335,Adventure Time: Finn & Jake Investigations
1336,Atari Flashback Classics: Volume 1
1337,MotoGP 17
1338,Wasteland 2
1339,MX vs ATV Supercross Encore 2017 Track Edition
1340,Cartoon Network Battle Crashers
1341,Hasbro Family Fun Pack Conquest Edition
1342,Sherlock Holmes: The Devil's Daughter
1343,MX vs. ATV Supercross Encore
1344,Killing Floor 2�
1345,R.B.I. Baseball 2016
1346,Okami
1347,Rapala Fishing Pro Series
1348,Arslan: The Warriors of Legend
1349,Golf Club 2
1350,Mark McMorris Infinite Air
1351,Atari Flashback Classics: Volume 2
1352,Hunting Simulator
1353,Styx: Shards of Darknes
1354,Marvel's Guardians of the Galaxy: The Telltale Series
1355,Baja: Edge of Control HD
1356,Agatha Christie's The ABC Murders
1357,Brothers: A Tale of Two Sons
1358,The Walking Dead: A Telltale Series Collection
1359,Rugby 18
1360,Has-Been Heroes
1361,Deformers
1362,Extinction
1363,Resident Evil 4 HD
1364,The Technomancer
1365,Cars 3: Driven to Win
1366,Pillars of Eternity
1367,Just Sing
1368,Mighty No. 9
1369,Batman: The Enemy Within
1370,WRC 7
1371,King's Quest: The Complete Collection
1372,Marvel Pinball: Epic Collection Volume 1
1373,Road Rage
1374,Dragon's Dogma
1375,Deer Hunter Reloaded
1376,Overcooked
1377,Resident Evil 5 HD
1378,Darksiders: Warmastered Edition
1379,Valkyria: Azure Revolution
1380,Game of Thrones (Telltale)
1381,Terraria
1382,Elex
1383,Battle Chasers: Nightwar
1384,Don't Starve
1385,Dead Rising 2
1386,Don Bradman Cricket 14
1387,Monster Jam: Crush It
1388,Shadow Warrior (2013)
1389,Dead Alliance
1390,Warriors Orochi 3
1391,Dead Rising
1392,Sine Mora
1393,WRC 6
1394,Black Mirror
1395,Pure Farming 2018
1396,MotoGP 15
1397,Raid: World War II
1398,Carmageddon: Max Damage
1399,INSIDE / LIMBO Double Pack
1400,Warhammer: The End Times - Vermintide
1401,Stardew Valley
1402,Ben 10 (2017)
1403,The Pillars of the Earth
1404,Rime
1405,Worms: WMD
1406,Syberia III
1407,Moto Racer 4
1408,Rugby League Live 4
1409,ABZU
1410,Pharaonic
1411,Geometry Wars 3: Dimensions Evolved
1412,Resident Evil: Revelations
1413,Broken Sword 5: The Serpent's Curse
1414,Rugby World Cup 2015
1415,The Crew: Wild Run
1416,Prison Architect
1417,The Dwarves
1418,Big Buck Hunter Arcade
1419,Redout
1420,Troll and I
1421,Portal Knights
1422,Shaq-Fu: A Legend Reborn
1423,Psycho-Pass
1424,Tropico 5
1425,Back to the Future: The Game
1426,Saints Row: Gat out of Hell
1427,Mega Man Legacy Collection 2
1428,Dungeons 3
1429,Blackguards 2
1430,Rogue Trooper: Redux
1431,Vikings: Wolves of Midgard
1432,The Inner World: The Last Wind Monk
1433,Assetto Corsa
1434,Le Tour de France 2017
1435,Lock's Quest
1436,WRC 5: FIA World Rally Championship
1437,FlatOut 4: Total Insanity
1438,Shadow Tactics: Blades of the Shogun
1439,The Town of Light
1440,Goat Simulator
1441,Rugby League Live 3
1442,Assassin's Creed Chronicles
1443,S�bastien Loeb Rally Evo
1444,Rugby Challenge 3
1445,Rabbids Invasion: The Interactive TV Show
1446,ZombiU
1447,This War of Mine
1448,Battle Worlds: Kronos
1449,ScreamRide
1450,Torment: Tides of Numenera
1451,Ziggurat
1452,ATV Renegades
1453,This Is The Police
1454,Valhalla Hills
1455,Handball 16
1456,Shovel Knight
1457,Blood Bowl 2
1458,The Peanuts Movie: Snoopy's Grand Adventure
1459,Farming 2017 - The Simulation
1460,Kung Fu Panda: Showdown of Legendary Legends
1461,Strider (2014)
1462,The Amazing Spider-Man 2
1463,Mega Man Legacy Collection
1464,A Boy and His Blob
1465,Agatha Christie: The ABC Murders
1466,Ancients of Ooga - The Forgotten Chapters
1467,Another World
1468,Bladestorm: The Hundred Years' War
1469,Brothers in Arms: Furious 4
1470,Buzz Buzz Bang
1471,Woolfe: The Red Hood Diaries
1472,SlashDash
1473,Devil May Cry 4
1474,#IDARB
1475,Frog Toss
1476,Gran Turismo 5 Prologue Spec III
1477,Industry Giant II
1478,Killer Instinct
1479,King's Quest I: Quest for the Crown (VGA Version)
1480,LIMBO
1481,Mount & Blade: Warband
1482,Neverwinter
1483,Pier Solar and the Great Architects
1484,Spectra 8bit Racing
1485,Nero
1486,Pinball FX 2
1487,Gran Turismo HD Concept
1488,Dear Esther
1489,Lightning Returns: Final Fantasy XIII
1490,Oddworld: Abe's Oddysee New N' Tasty!
1491,Lifeless Planet
1492,Slender: The Arrival
1493,Lovers in a Dangerous Spacetime
1494,Human Element
1495,Whore of the Orient
1496,Max: the Curse of Brotherhood
1497,Axiom Verge
1498,Guacamelee!
1499,Carmageddon: Reincarnation
1500,The Banner Saga
1501,Cobalt
1502,Plague Inc.
1503,BADLAND
1504,Halo: Spartan Assault
1505,Halo 6
1506,D4
1507,Crimson Dragon
1508,Below
1509,Peggle 2
1510,LocoCycle
1511,Powerstar Golf
1512,Kingdom Hearts III
1513,Black Tusk Studios Game
1514,KickBeat
1515,Reus
1516,Rogue Legacy
1517,Defense Grid 2
1518,Hellraid
1519,There Came an Echo
1520,Strike Suit Zero
1521,Fable Legends
1522,WonderFlick
1523,Monochroma
1524,FORCED
1525,Sea Animal Games for Toddlers and Kids with Jigsaw Puzzles
1526,Unmechanical
1527,Divekick
1528,Child of Light
1529,Valiant Hearts: The Great War
1530,Hyper Light Drifter
1531,Legend of Raven
1532,Xbox Fitness
1533,Raven's Cry
1534,Shantae: Half-Genie Hero
1535,Tales from the Borderlands
1536,Get Even
1537,Threes!
1538,Worms Battlegrounds
1539,Stranger of Sword City
1540,The Book of Unwritten Tales 2
1541,Puyo Puyo Tetris
1542,Razor Global Domination Pro Tour�
1543,Gone Home�
1544,Costume Quest 2
1545,Aztez
1546,Not a Hero
1547,Cult County
1548,Adr1ft
1549,R.B.I. Baseball 14
1550,Blue Estate�
1551,Source
1552,Chariot
1553,Super Time Force
1554,Pure Pool�
1555,Never Alone
1556,Space Hulk: Deathwing
1557,Red Goddess: Inner Mind
1558,Mystereet F: The Detectives' Curtain Call
1559,Chaos
1560,Fenix Rage
1561,FRU
1562,Shiness: The Lightning Kingdom
1563,Ori and the Blind Forest
1564,Phantom Dust (2015)
1565,Scalebound
1566,Crackdown 3
1567,EA Sports PGA Tour
1568,Lara Croft and the Temple of Osiris
1569,Wulverblade
1570,Gunscape
1571,Cuphead
1572,Knight Squad
1573,Dead Island 2
1574,Inside
1575,Tetris Ultimate�
1576,Afro Samurai 2
1577,The Legend of Korra (2014)
1578,Azito x Tatsunoko Legends
1579,Shooting Love Trilogy
1580,AirMech Arena
1581,The Walking Dead: Season Three
1582,King of Wushu
1583,Mercury�
1584,Pneuma: Breath of Life
1585,The Escapists
1586,Superhot
1587,Spectra
1588,Space Engineers
1589,No Time to Explain
1590,Funk of Titans
1591,Fruit Ninja Kinect 2
1592,Blues and Bullets
1593,Game 4
1594,Raiden V
1595,Assassin's Creed Chronicles: China
1596,Pathologic
1597,Geometry Wars 3: Dimensions
1598,Assassin's Creed: Victory
1599,The Banner Saga 2
1600,Gigantic
1601,Magic Duels: Origin
1602,Shiftlings
1603,Oceanhorn: Monster of Uncharted Seas
1604,Beyond Eyes
1605,Inside My Radio
1606,Kaiju Panic
1607,Tembo the Badass Elephant
1608,Assassin's Creed Chronicles: Russia
1609,Assassin's Creed Chronicles: India
1610,Overlord: Fellowship of Evil
1611,R.B.I. Baseball 15
1612,The Walking Dead: Michonne
1613,Unravel
1614,Tachyon Project
1615,Cross Reverie
1616,Goosebumps: The Game
1617,The Escapists: The Walking Dead
1618,Woodcutter Simulator 2016
1619,Professional Farmer 2016
1620,Professional Lumberjack 2016
1621,Alekhine's Gun
1622,World to the West
1623,The Binding of Isaac: Rebirth
1624,Super Dungeon Bros
1625,Pro Cycling Manager 2016
1626,De-formers
1627,Wonder Boy: The Dragon's Trap (Remake)
1628,Rock of Ages II: Bigger and Boulder
1629,Fe
1630,We Sing (2016)
1631,Don Bradman Cricket 17
1632,Ace Combat 7: Skies Unknown
1633,The Sexy Brutale
1634,Metro Exodus
1635,Anthem
1636,AereA
1637,Moons Of Madness
1638,Iron Harvest
1639,Biomutant
1640,Biomutant
1641,de Blob
1642,Outcast: Second Contact
1643,Code Vein
